Name,AI Type,Commercial Type,Product,Description,Product Category,Package,Quick Filters,Availability,Identifier,Detail Page
Agent Builder,AI Feature,Base,Joule Studio,Easily build Joule agents to automate complex business processes.,Financial Management,,Featured‚Joule,Generally Available,J308,https://discovery-center.cloud.sap/ai-feature/c95490eb-95c3-4b0a-b9ea-08144355d482/
AI-Assisted Calculations,AI Feature,Premium,SAP Analytics Cloud,Generates and explains calculations using natural language.,Financial Management,,,Generally Available,J471,https://discovery-center.cloud.sap/ai-feature/b0112bf9-3bff-4991-b029-44248df82479/
AI-Assisted Commenting,AI Feature,Premium,SAP Analytics Cloud,Summarize existing comments and rephrase new comments when authoring.,Financial Management,,,Generally Available,J275,https://discovery-center.cloud.sap/ai-feature/3a0d3a44-e0c6-42e9-b489-cbbd0c1d1030/
AI-Assisted Search,AI Feature,Premium,SAP Datasphere,Enables natural language search queries directly within in SAP Datasphere.,Technology Platform,,,Generally Available,J108,https://discovery-center.cloud.sap/ai-feature/68658ffa-898f-4e8d-888f-b48e3be618f5/
AI-Assisted Texting,AI Feature,Base,SAP LeanIX solutions,Simplify and standardize text creation by analyzing content and context.,Business Transformation Management,,,Generally Available,J47,https://discovery-center.cloud.sap/ai-feature/86968b11-6426-4749-90c5-39d6711514a7/
Allocation Run Results,AI Feature,Base,SAP S/4HANA Cloud Public Edition,View allocation results attributes and navigate to results app.,Financial Management,,Joule,Generally Available,J1003,https://discovery-center.cloud.sap/ai-feature/58e5fdf9-b00a-414b-97ef-74c65c21b10b/
Analytical Business Insights,AI Feature,Premium,SAP S/4HANA Cloud Public Edition,Quickly analyze‚ summarize‚ and turn data into clear insights.,Financial Management,Joule Premium for Financial Management,,Generally Available,J88,https://discovery-center.cloud.sap/ai-feature/864e421f-e2dd-4f84-9aad-ea57294f75fd/
Analytical Insights,AI Feature,Base,Joule,Get analytical insights with natural language from any SAP business application.,Technology Platform,,Joule,Generally Available,J148,https://discovery-center.cloud.sap/ai-feature/b354ca6f-3bbc-43d0-9c83-b3140b925962/
Anomaly Detection,AI Feature,Base,SAP Integration Suite,Identify and respond to unusual patterns or deviations in API traffic.,Technology Platform,,,Generally Available,J606,https://discovery-center.cloud.sap/ai-feature/c1bf4c86-b2bc-4101-b51d-bc5904ff5924/
API traffic prediction,AI Feature,Base,SAP Integration Suite,Identify trends in API calls and predict future API traffic.,Technology Platform,,,Generally Available,J243,https://discovery-center.cloud.sap/ai-feature/f74d29df-40d1-498f-905d-90b7af685799/
Architecture Guidance,AI Feature,Base,SAP LeanIX solutions,Architecture guidance delivers AI-derived insights and assists taking action.,Business Transformation Management,,,Generally Available,J652,https://discovery-center.cloud.sap/ai-feature/5b68ce3e-c6d7-4e5d-a2cd-e137adb01d33/
Back Order Processing,AI Feature,Base,SAP S/4HANA Cloud Public Edition,Faster‚ smarter BOP execution powered by intuitive‚ prompt-driven interactions.,Supply Chain Management,,Joule,Generally Available,J597,https://discovery-center.cloud.sap/ai-feature/88bf4617-8a77-4dfb-8950-fc00a67cc01d/
Behavioral Insights for Contract Accounting,AI Feature,Premium,SAP S/4HANA Cloud Private Edition,Analyze historical customer behavior and predict‚ explain payment risk.,Financial Management,,,Generally Available,J765,https://discovery-center.cloud.sap/ai-feature/9b9439fc-3681-446c-989e-2540e2897331/
Booking Agent,AI Agent,Base,,Streamline trip planning for business travelers.,Technology Platform,,Joule,Generally Available,J650,https://discovery-center.cloud.sap/ai-feature/47844870-d3f6-4ffd-abdf-945d6bc20ae7/
BPMN Simulation Insights,AI Feature,Premium,SAP Signavio solutions,Transform simulation results into AI-powered insights for faster decisions.,Business Transformation Management,,Joule,Generally Available,J1143,https://discovery-center.cloud.sap/ai-feature/45016b64-67d3-457e-a836-9ac08b193722/
Central Governance,AI Feature,Base,SAP S/4HANA Cloud for master data governance‚ private edition,Streamline master data governance tasks using natural language.,Cloud ERP applications,,Joule,Generally Available,J535,https://discovery-center.cloud.sap/ai-feature/a0399e7f-e105-40a9-9169-d63e768735b8/
Chart Summary,AI Feature,Premium,SAP Analytics Cloud,Summarizes a SAP Analytics Cloud chart as text in Microsoft PowerPoint.,Financial Management,,,Generally Available,J139,https://discovery-center.cloud.sap/ai-feature/825764c4-6de1-4789-bd0c-74243c60854b/
Configuration for US Tax Jurisdictions,AI Feature,Premium,SAP S/4HANA Cloud Public Edition,Simplify tax maintenance for the internal sales & use tax solution for the US.,Financial Management,Joule Premium for Financial Management,,Generally Available,J89,https://discovery-center.cloud.sap/ai-feature/e547d658-368e-426f-986e-97e574bfb475/
Content Creation and Summary,AI Feature,Base,SAP Build Work Zone‚ advanced edition,Generate‚ summarize & comment with AI to increase content creation efficiency.,Technology Platform,,,Generally Available,J202,https://discovery-center.cloud.sap/ai-feature/39ef0f64-fc3b-4420-92ee-fa5e052d486b/
Content Generation for Catalog,AI Feature,Premium,SAP Datasphere,Automates the creation of business rich metadata in the catalog.,Technology Platform,,,Generally Available,J224,https://discovery-center.cloud.sap/ai-feature/15213c47-7c33-4787-a97b-d28f3a031c5a/
Context Generation,AI Feature,Base,SAP LeanIX solutions,Provide users with task explanations for better understanding.,Business Transformation Management,,,Generally Available,J46,https://discovery-center.cloud.sap/ai-feature/fa2762c1-5080-480b-bf93-103933a0af11/
Conversational Planning,AI Feature,Premium,SAP S/4HANA Cloud Private Edition,Carry out planning operations in transportation cockpit using natural language.,Cloud ERP applications,Joule Premium for Supply Chain Management,,Generally Available,J135,https://discovery-center.cloud.sap/ai-feature/54d5a00e-2519-46da-88fa-b58b4f8ff4dc/
Creation of Fixed Asset Master Data,AI Feature,Base,SAP S/4HANA Cloud Public Edition,Facilitate the creation of fixed asset master data with Joule.,Financial Management,,Joule,Generally Available,J298,https://discovery-center.cloud.sap/ai-feature/095edf47-cb36-48d8-bd8f-9a4bc9517991/
Data Actions,AI Feature,Premium,SAP Analytics Cloud,Generates advanced formula scripts and comments data action descriptions.,Financial Management,,,Generally Available,J470,https://discovery-center.cloud.sap/ai-feature/8e974edb-5d3e-4500-bc00-8549fbf8edd6/
Database Administration,AI Feature,Base,SAP HANA Cloud,AI-powered tool for task simplification and efficiency enhancement.,Technology Platform,,Joule,Generally Available,J214,https://discovery-center.cloud.sap/ai-feature/28b14ec8-e7be-4966-b33e-787021b2d05d/
Decision Generation,AI Feature,Base,SAP Build Process Automation,Assist process design by generating decision artifacts.,Technology Platform,,,Generally Available,J642,https://discovery-center.cloud.sap/ai-feature/0517fabc-df67-4042-9015-a57c1a9079ba/
Decision Summarization,AI Feature,Base,SAP Build Process Automation,Assist users with process automation design by summarizing undocumented rules.,Technology Platform,,,Generally Available,J643,https://discovery-center.cloud.sap/ai-feature/d9b9af67-e0a9-49cc-b79b-a8eddde1731b/
Depreciation Key Explanation,AI Feature,Premium,SAP S/4HANA Cloud Private Edition,Explain depreciation types and calculation procedures in natural language.,Cloud ERP applications,Joule Premium for Financial Management,,Generally Available,J898,https://discovery-center.cloud.sap/ai-feature/7f81035d-7177-494f-b232-b1e290c05f0c/
Document Data Extraction,AI Feature,Base,SAP Build Process Automation,Extract and process document data from PDFs and images using AI.,Technology Platform,,,Generally Available,J1284,https://discovery-center.cloud.sap/ai-feature/577af53b-83ac-4c49-8b02-72114d45ceb6/
Document Summary,AI Feature,Base,SAP Cloud ALM,Summarize content of selected document based on AI capability.,,,New,Generally Available,J1394,https://discovery-center.cloud.sap/ai-feature/111df0da-5177-4769-88ea-6a200ecae091/
Easy Filter,AI Feature,Base,SAP S/4HANA Cloud Public Edition,Streamline your filtering experience in SAP Fiori elements-based list reports.,Financial Management,,,Generally Available,J91,https://discovery-center.cloud.sap/ai-feature/96cf54f4-566b-4428-916c-1e6231f0fdb2/
Electronic Document Error Handling,AI Feature,Base,SAP Document and Reporting Compliance,Get easy-to-understand explanations for electronic document errors with Joule.,Technology Platform,,Joule,Generally Available,J305,https://discovery-center.cloud.sap/ai-feature/1a1b66db-191d-41e6-b01d-d69b4d645850/
Electronic Document Error Handling,AI Feature,Base,SAP Document and Reporting Compliance,Get easy-to-understand explanations for electronic document errors with Joule.,Technology Platform,,,Generally Available,J1137,https://discovery-center.cloud.sap/ai-feature/d755130d-328a-4e41-b5b8-b0f507ee396c/
Embedded Edition,AI Feature,Premium,SAP Document AI,Automate document processing‚ workflow execution‚ and channel integration.,Technology Platform,,Featured,Generally Available,J342,https://discovery-center.cloud.sap/ai-feature/f9000cc5-4a1a-4c59-9dcd-a343c167d75d/
Enterprise Architecture Decision Management,AI Feature,Base,SAP LeanIX solutions,Analyze and extract relevant data to generate architecture decisions.,Business Transformation Management,,New,Generally Available,J1684,https://discovery-center.cloud.sap/ai-feature/e9e98379-9c5f-4f4a-84f6-12a772c66ae2/
Enterprise Search,AI Feature,Base,SAP S/4HANA Cloud Public Edition,Search business data with natural language queries in SAP Fiori Launchpad.,Financial Management,,,Generally Available,J225,https://discovery-center.cloud.sap/ai-feature/ce1359ae-1f44-48ce-b9d8-6d2e73b23402/
Error Explanation,AI Feature,Premium,SAP S/4HANA Cloud Public Edition,Generate natural language descriptions and resolutions for error messages.,Financial Management,Joule Premium for Financial Management,,Generally Available,J227,https://discovery-center.cloud.sap/ai-feature/a6e21835-397b-402d-be1a-e92846dcc47d/
Error Resolution for Cost Accounting,AI Feature,Base,SAP S/4HANA Cloud Public Edition,Explain errors to the business user and offer smart actions.,Financial Management,,Joule,Generally Available,J336,https://discovery-center.cloud.sap/ai-feature/56d1e4d0-5c07-4aa8-b226-64c8dd99750d/
Expense Report Validation Agent,AI Agent,Base,,Get smart support to minimize errors and simplify expense submission.,Spend Management,,Joule,Early Adopter Care (EAC),J327,https://discovery-center.cloud.sap/ai-feature/ba618aac-87c8-485d-8d3c-3338f6a8658a/
Expiring Price Handling,AI Feature,Base,SAP S/4HANA Cloud Public Edition,Quickly detect and update all expiring prices in pricing systems with Joule.,Cloud ERP applications,,Joule,Generally Available,J313,https://discovery-center.cloud.sap/ai-feature/577815a8-947e-4a06-a961-1307ddc49242/
Explanation of Fixed Asset Depreciation Keys,AI Feature,Premium,SAP S/4HANA Cloud Public Edition,Explain depreciation types and calculation procedures in natural language.,Financial Management,Joule Premium for Financial Management,,Generally Available,J86,https://discovery-center.cloud.sap/ai-feature/15f5b518-2786-4908-953f-801172d7972a/
Explanation of Fixed Asset Key Figures,AI Feature,Premium,SAP S/4HANA Cloud Public Edition,Better insights into fixed asset key figures using AI-generated explanations.,Financial Management,Joule Premium for Financial Management,,Generally Available,J288,https://discovery-center.cloud.sap/ai-feature/8658cb4d-fc45-4db1-b5e3-68a63a255955/
Fixed Asset Key Figures Explanation,AI Feature,Base,SAP S/4HANA Cloud Private Edition,Understand the explanation of fixed asset key figures in natural language.,Financial Management,,,Generally Available,J966,https://discovery-center.cloud.sap/ai-feature/780e16a7-74cf-4118-b200-c13484d2f9b5/
Form Extension in Localization as a Self-Service,AI Feature,Premium,SAP S/4HANA Cloud Public Edition,Extend localized forms to meet your specific requirements.,Financial Management,Joule Premium for Financial Management,,Generally Available,J117,https://discovery-center.cloud.sap/ai-feature/f5f33f40-36d4-4265-b709-461c0c151587/
Form Generation,AI Feature,Base,SAP Build Process Automation,Generate process automation forms from natural language descriptions.,Technology Platform,,,Generally Available,J641,https://discovery-center.cloud.sap/ai-feature/ff9ca9a1-b443-405d-95bd-9b53a8a503db/
Generation of Full-Stack Applications,AI Feature,Base,SAP Build Code,Generate full-stack applications using natural language in SAP Build Code.,Technology Platform,,Joule,Generally Available,J36,https://discovery-center.cloud.sap/ai-feature/98319fdc-fd0d-4887-bba2-a3d6a15f31ed/
Generation of Integrations,AI Feature,Base,SAP Integration Suite,Generate integration scenarios using natural language prompts.,Technology Platform,,,Generally Available,J92,https://discovery-center.cloud.sap/ai-feature/464fdfbe-5809-4a0a-b6e8-65c79033837d/
Generation of SAP Fiori Elements and SAPUI5 Applications,AI Feature,Base,SAP Build Code,Generate full-stack applications using  natural language in SAP Build Code.,Technology Platform,,Joule,Generally Available,J114,https://discovery-center.cloud.sap/ai-feature/08cc63b7-8fd7-4535-a9d6-f66a9030174c/
Generation of SAP HANA Applications,AI Feature,Base,SAP Build Code,Generate SAP HANA applications using natural language in SAP Build Code.,Technology Platform,,Joule,Generally Available,J116,https://discovery-center.cloud.sap/ai-feature/7ee277ac-20af-4458-bb5a-8836d6a51899/
Generation of SAP Mobile Applications,AI Feature,Base,SAP Build Code,Generate SAP Mobile applications using natural language in SAP Build Code.,Technology Platform,,Joule,Generally Available,J115,https://discovery-center.cloud.sap/ai-feature/9cd6bb5e-4178-44c2-b5b3-325c561273e4/
Goods Receipt Processing,AI Feature,Premium,SAP S/4HANA Cloud Private Edition,Automatically check delivery documents with AI.,Cloud ERP applications,,,Generally Available,J28,https://discovery-center.cloud.sap/ai-feature/8d54e237-4ae9-427d-859a-c3e1cd694127/
In-house Service Initiation,AI Feature,Premium,SAP S/4HANA Cloud Private Edition,Initiate in-house services from paper-based information using AI technology.,Cloud ERP applications,Joule Premium for Supply Chain Management,,Generally Available,J240,https://discovery-center.cloud.sap/ai-feature/df0164e9-75f2-4547-80d3-586619709246/
Insights Description Generator,AI Feature,Base,SAP Signavio Process Transformation Manager,Creating clear‚ consistent‚ and business user–friendly descriptions.,Business Transformation Management,,,Generally Available,J669,https://discovery-center.cloud.sap/ai-feature/0614d66c-4e6d-42bc-b45b-135ba035d843/
Inventory Builder,AI Feature,Premium,SAP LeanIX solutions,Upload and analyze data formats to auto-discover architectural elements.,Business Transformation Management,,,Generally Available,J178,https://discovery-center.cloud.sap/ai-feature/3b4cd740-d09d-4e79-9efc-69bf49221e83/
Inventory Prompts,AI Feature,Base,SAP LeanIX solutions,Support analyzes of IT application landscapes.,Business Transformation Management,,,Generally Available,J45,https://discovery-center.cloud.sap/ai-feature/e3e00a83-6fc7-4ec4-9763-5d62f942e193/
Joule and Microsoft 365 Copilot,AI Feature,Base,Joule,Bi-directional integration between Joule and Microsoft 365 Copilot.,Technology Platform,,Joule,Generally Available,J762,https://discovery-center.cloud.sap/ai-feature/4dfa3fea-c5d2-40e3-959d-317b07b6b64e/
Joule with Regulatory Change Manager,AI Feature,Base,Regulatory Change Manager,Discover and evaluate regulatory updates and maintain compliance.,Technology Platform,,Joule,Generally Available,J85,https://discovery-center.cloud.sap/ai-feature/90b39e72-5dd5-4ae1-aef1-840c6e1ff6b2/
Joule with SAP Build Work Zone,AI Feature,Base,SAP Build Work Zone,Interact with SAP apps and Work Zone via natural language for instant actions.,Technology Platform,,Joule,Generally Available,J145,https://discovery-center.cloud.sap/ai-feature/8be96d98-f16d-41b4-968c-c295043c1d73/
Joule with SAP Business Technology Platform,AI Feature,Base,SAP Business Technology Platform,Quickly retrieve information about SAP BTP and your accounts with Joule.,Technology Platform,,Joule,Generally Available,J57,https://discovery-center.cloud.sap/ai-feature/9c079680-7938-4ddd-83c4-3d89a7943311/
Joule with SAP Datasphere,AI Feature,Base,SAP Datasphere,Streamline your SAP Datasphere tasks with an AI copilot.,Technology Platform,,Joule,Early Adopter Care (EAC),J294,https://discovery-center.cloud.sap/ai-feature/a2bc2dd0-4f0b-4d82-9f94-c3baaac6c83b/
Joule with SAP LeanIX,AI Feature,Base,SAP LeanIX solutions,Search and navigate to the right information through natural language queries.,Business Transformation Management,,Joule,Early Adopter Care (EAC),J284,https://discovery-center.cloud.sap/ai-feature/afef2f21-b812-4548-ab8a-cec5f8fedb10/
Joule with SAP Multi-Bank Connectivity,AI Feature,Base,SAP Multi-Bank Connectivity,Get quick answers about SAP Multi-Bank Connectivity from product documentation.,Financial Management,,Joule,Generally Available,J600,https://discovery-center.cloud.sap/ai-feature/5cd6a2a6-c3ba-4bf6-9111-5e2f95757a69/
Joule with SAP S/4HANA Cloud Private Edition,AI Feature,Base,SAP S/4HANA Cloud Private Edition,Streamline your informational‚ navigational‚ and transactional tasks.,Financial Management,,Joule,Generally Available,J54,https://discovery-center.cloud.sap/ai-feature/98ee8608-82bb-49c3-b4ca-805bd6594314/
Joule with SAP S/4HANA Cloud Public Edition,AI Feature,Base,SAP S/4HANA Cloud Public Edition,Streamline your informational‚ navigational‚ and transactional tasks.,Financial Management,,Joule,Generally Available,J74,https://discovery-center.cloud.sap/ai-feature/59d61974-9d59-4e32-9026-189462bbf54f/
Joule with SAP Signavio solutions,AI Feature,Base,SAP Signavio solutions,Elevate your organization's process management and optimization.,Business Transformation Management,,Joule,Generally Available,J127,https://discovery-center.cloud.sap/ai-feature/c1ed93ca-2efd-4096-8300-613adf55cfef/
Journal Upload,AI Feature,Premium,SAP S/4HANA Cloud Private Edition,Accelerate period-end journal entries.,Financial Management,Joule Premium for Financial Management,,Generally Available,J247,https://discovery-center.cloud.sap/ai-feature/be5c57fd-4b09-436f-8a63-16362fce5547/
Maintenance Order Recommendation,AI Feature,Premium,SAP S/4HANA Cloud Private Edition,Get maintenance order recommendations from historical data.,Cloud ERP applications,Joule Premium for Supply Chain Management,,Generally Available,J241,https://discovery-center.cloud.sap/ai-feature/d2a47a4f-3ea2-4f5b-9bdf-43fc2a3d95f2/
Managing Supplier Invoices,AI Feature,Base,SAP S/4HANA Cloud Public Edition,Enable basic actions on supplier invoices.,Spend Management,,New,Generally Available,J929,https://discovery-center.cloud.sap/ai-feature/1fa927d7-80ce-4b9b-8ea1-8ed95be8b8d3/
Master Data Governance,AI Feature,Premium,SAP S/4HANA Cloud Private Edition,Create master data change requests and generate summaries.,Financial Management,Joule Premium for Financial Management,,Generally Available,J151,https://discovery-center.cloud.sap/ai-feature/4cb78833-492a-43db-abb2-01747e7e4335/
Meeting Location Planner Agent,AI Agent,Base,,Helps executive assistant to organize offsite meetings.,Spend Management,,Joule,Early Adopter Care (EAC),J326,https://discovery-center.cloud.sap/ai-feature/65b25edc-21cc-4b54-8f3c-eb4524ab3117/
Natural Language Query,AI Feature,Base,SAP Analytics Cloud,Deliver tailored‚ contextual insights on user questions in natural language.,Technology Platform,,,Generally Available,J25,https://discovery-center.cloud.sap/ai-feature/6a655660-1f00-4b22-a6e4-b79167b527ec/
Note Corrections for Project Billing,AI Feature,Premium,SAP S/4HANA Cloud Public Edition,Propose grammatically correct notes for project billing request items.,Financial Management,Joule Premium for Financial Management,,Generally Available,J346,https://discovery-center.cloud.sap/ai-feature/cab0dc5c-6c85-4d8e-963a-cad7a64e012a/
Performance Indicators Recommender,AI Feature,Premium,SAP Signavio solutions,Discover metrics relevant for your business.,Business Transformation Management,,Joule,Generally Available,J120,https://discovery-center.cloud.sap/ai-feature/4be4b091-a23d-4f59-975e-65cb6a4a8fc5/
Performance Preparation Agent,AI Agent,Base,,Provide managers data-driven insights before 1:1 with employees.,Human Capital Management,,Joule,Generally Available,J671,https://discovery-center.cloud.sap/ai-feature/761a2305-b0a2-4262-b9a3-abd4945ad314/
Posting Issue Handling for Billing Documents,AI Feature,Base,SAP S/4HANA Cloud Public Edition,Assist billing clerks to efficiently process billing docs with posting issues.,Financial Management,,Joule,Generally Available,J355,https://discovery-center.cloud.sap/ai-feature/f558354e-8de3-4b95-ae75-4cc5055cf911/
Predictive Planning,AI Feature,Base,SAP Analytics Cloud,Predictive planning creates accurate forecasts to speed up planning activities.,Technology Platform,,,Generally Available,J894,https://discovery-center.cloud.sap/ai-feature/07cbfbe5-5fec-4f2f-9e5b-8a7c2dfd6d74/
Process Analyzer‚ Text to Insight,AI Feature,Base,SAP Signavio solutions,Prompt to discover insights from your data.,Business Transformation Management,,,Generally Available,J112,https://discovery-center.cloud.sap/ai-feature/a6dde1d9-6da4-443f-874a-e6eb183e2bd5/
Process Analyzer‚ Text To Widget,AI Feature,Base,SAP Signavio solutions,Generate dashboard widgets with natural language queries.,Business Transformation Management,,,Generally Available,J212,https://discovery-center.cloud.sap/ai-feature/6d74c5e9-32c1-443c-be23-c7ebbc51d573/
Process Editing,AI Feature,Base,SAP Build Process Automation,Support process design with natural language editing for automation artifacts.,Technology Platform,,,Generally Available,J639,https://discovery-center.cloud.sap/ai-feature/143f1e51-609a-45d9-ab96-bf286e044a03/
Process Generation,AI Feature,Base,SAP Build Process Automation,Generate process artifacts from natural language to support process automation.,Technology Platform,,,Generally Available,J638,https://discovery-center.cloud.sap/ai-feature/50a434ab-f63c-4f3f-a5d2-c661b5d461f2/
Process Modeler,AI Feature,Premium,SAP Signavio solutions,Generate a BPMN diagram from a text description or image of a business process.,Business Transformation Management,,,Generally Available,J213,https://discovery-center.cloud.sap/ai-feature/84eb743d-acdb-48ff-b933-ec51fe9f5f12/
Process Recommender,AI Feature,Premium,SAP Signavio solutions,Get instant best practice recommendations.,Business Transformation Management,,Joule,Generally Available,J121,https://discovery-center.cloud.sap/ai-feature/0568e3e9-bef3-46d5-8b51-f519d8838320/
Process Summarization,AI Feature,Base,SAP Build Process Automation,Generate business summaries for undocumented process models.,Technology Platform,,,Generally Available,J640,https://discovery-center.cloud.sap/ai-feature/69b0874a-e8a6-49e3-b66c-4a6c5b1fd77f/
Processing of Incoming Quality Certificates with SAP Document AI,AI Feature,Premium,SAP S/4HANA Cloud Public Edition,Automatically process incoming quality certificate documents.,Cloud ERP applications,,,Generally Available,J358,https://discovery-center.cloud.sap/ai-feature/3fd5ea00-34fa-487e-a76a-be112a71220a/
Processing of Payment Advices with SAP Document AI,AI Feature,Premium,SAP S/4HANA Cloud Public Edition,Automate payment-advice processing to reduce errors and manual fixes.,Cloud ERP applications,,,Generally Available,J1104,https://discovery-center.cloud.sap/ai-feature/988b6b7c-ac4f-4c5f-be46-0366c7dc5a2e/
Project Services,AI Feature,Base,SAP S/4HANA Cloud Public Edition,Manages project tasks through a conversational interface.,Cloud ERP applications,,Joule,Generally Available,J586,https://discovery-center.cloud.sap/ai-feature/bccabd59-564e-4a4d-84b3-67d6933348cd/
Purchase Order Approvals Reminder,AI Feature,Base,SAP S/4HANA Cloud Public Edition,Streamline your purchase order approval workflows.,Spend Management,,Joule,Generally Available,J1310,https://discovery-center.cloud.sap/ai-feature/13b68daa-1ba2-4bfa-b7d3-4f65f4900d07/
Requirement Generation,AI Feature,Premium,SAP Cloud ALM,Generate requirements from meeting notes to improve Fit-to-Standard workshops.,Technology Platform,,,Generally Available,J778,https://discovery-center.cloud.sap/ai-feature/e5701d25-2615-49ad-acf3-4f2a6363a206/
Resolution of Implausible Meter Readings,AI Feature,Base,SAP S/4HANA Cloud Private Edition,Enables machine learning-based processing of implausible meter readings in IS-U.,Cloud ERP applications,,,Generally Available,J824,https://discovery-center.cloud.sap/ai-feature/4d67f2b1-6f72-4c6f-bce3-e6d4c0e89b1c/
Resolution of Outsorted Billing Documents,AI Feature,Base,SAP S/4HANA Cloud Private Edition,Process outsorted billing documents in IS-U.,Cloud ERP applications,,,Generally Available,J825,https://discovery-center.cloud.sap/ai-feature/f9a4201e-955f-4aaf-b41a-d2479fb13ed1/
Retrieval of Equipment Information in Service Management,AI Feature,Premium,SAP S/4HANA Cloud Private Edition,Give service managers a 360° view of service history on customer equipment.,Cloud ERP applications,Joule Premium for Supply Chain Management,Joule,Generally Available,J777,https://discovery-center.cloud.sap/ai-feature/3de36a16-73ca-4df6-94d2-ccd0dc806192/
Run Forecasts in Time Series or Line Charts,AI Feature,Base,SAP Analytics Cloud,Automatically predict future data values in stories time series and line charts.,Technology Platform,,,Generally Available,J885,https://discovery-center.cloud.sap/ai-feature/6ddc1967-60b4-4d85-b50e-121f4589d27e/
Sales Order Automatic Completion,AI Feature,Base,SAP S/4HANA Cloud Public Edition,Streamline sales order completion with recommendations.,Cloud ERP applications,,,Generally Available,J43,https://discovery-center.cloud.sap/ai-feature/39a49e49-3ab6-46f5-889d-2035d9378cab/
Sales Order Creation,AI Feature,Base,SAP S/4HANA,Create sales orders from unstructured data.,Cloud ERP applications,,,Generally Available,J846,https://discovery-center.cloud.sap/ai-feature/451531fc-438b-4ecd-a3be-3efb74cb99f5/
Sales Order Creation,AI Feature,Base,SAP S/4HANA Cloud Public Edition,Create sales orders from unstructured data.,Cloud ERP applications,,,Generally Available,J831,https://discovery-center.cloud.sap/ai-feature/5d3d1312-92d7-478a-8e95-f0f0130f5666/
Sales Order Creation,AI Feature,Base,SAP S/4HANA Cloud Private Edition,Create sales orders from unstructured data.,Cloud ERP applications,,,Generally Available,J832,https://discovery-center.cloud.sap/ai-feature/836b7ca4-0177-4757-8152-51846c586f1e/
Sales Order Creation from Unstructured Data,AI Feature,Premium,SAP S/4HANA Cloud Public Edition,Seamlessly create sales orders from unstructured data.,Cloud ERP applications,,,Generally Available,J404,https://discovery-center.cloud.sap/ai-feature/ffd1d0b2-76fc-4e1f-b1fd-523ec82bae54/
Sales Order Fulfillment Monitoring,AI Feature,Premium,SAP S/4HANA Cloud Private Edition,Monitor and resolve order fulfillment issues with AI.,Cloud ERP applications,Joule Premium for Financial Management,Joule,Generally Available,J169,https://discovery-center.cloud.sap/ai-feature/16fe0c99-25ff-48e2-81e5-f100d4c64767/
Sales Order Status Check,AI Feature,Base,SAP S/4HANA Cloud Public Edition,Track sales order fulfillment and spot issues blocking completion.,Financial Management,,Joule,Generally Available,J1047,https://discovery-center.cloud.sap/ai-feature/8e12da05-b0e4-490f-9cf4-0cc2a9482f71/
SAP HANA application migration,AI Feature,Base,SAP HANA Cloud,Automate SAP HANA XS/XSA service layer migration to SAP CAP using GenAI.,Technology Platform,,,Generally Available,J180,https://discovery-center.cloud.sap/ai-feature/14bbef6b-5d85-4221-bd0e-342f569ef628/
SAP Joule for Consultants,AI Feature,Premium,SAP Joule for Consultants,Accelerate SAP projects and cloud transformations with AI assistance.,Technology Platform,SAP Joule for Consultants,Featured‚Joule,Generally Available,J146,https://discovery-center.cloud.sap/ai-feature/3c3c6f7d-7310-47a9-ae52-d7ddd2f0c2f2/
SAP Joule for Developers‚ ABAP AI capabilities,AI Feature,Base,SAP BTP‚ ABAP environment,Accelerate ABAP development with Joule.,Technology Platform,,Joule,Generally Available,J162,https://discovery-center.cloud.sap/ai-feature/7f373198-9a41-4416-9eed-bdfca445d37a/
SAP Joule for Developers‚ ABAP AI capabilities,AI Feature,Base,SAP S/4HANA Cloud Public Edition,Accelerate ABAP development with Joule.,Financial Management,,Joule,Generally Available,J792,https://discovery-center.cloud.sap/ai-feature/3c06a28b-576b-47ba-a2be-de0588391d6a/
SAP Joule for Developers‚ ABAP AI capabilities,AI Feature,Base,SAP S/4HANA Cloud Private Edition,Accelerate ABAP development with Joule.,Financial Management,,Joule,Generally Available,J1195,https://discovery-center.cloud.sap/ai-feature/795cf9fa-d0cc-42b0-a3d7-52e8067e847d/
Script Optimization,AI Feature,Base,SAP Integration Suite,Optimize custom scripts effortlessly.,Technology Platform,,,Generally Available,J147,https://discovery-center.cloud.sap/ai-feature/99357ead-1ee2-4b9d-9b2f-f74d10f09262/
Script Task Generation,AI Feature,Base,SAP Build Process Automation,Generate executable JavaScript codes with natural language.,Technology Platform,,,Generally Available,J644,https://discovery-center.cloud.sap/ai-feature/f2310927-98ed-410a-86bb-1ca9ece68e21/
Semantic Generation,AI Feature,Premium,SAP Datasphere,Generate business semantics for non-SAP data sources.,Technology Platform,,,Generally Available,J329,https://discovery-center.cloud.sap/ai-feature/d22ae902-3e3d-4c78-9f8e-a656ecd2686d/
Settlement Rule Proposal for Asset Capitalization,AI Feature,Base,SAP S/4HANA Cloud Private Edition,Streamlines the creation of full settlement rules for investment measures.,Cloud ERP applications,,,Generally Available,J1182,https://discovery-center.cloud.sap/ai-feature/43cfa9f3-485c-4021-8dd1-e1349f471bea/
Skill Builder,AI Feature,Base,Joule Studio,Extend Joule with skills that fit your unique needs.,Technology Platform,,Featured‚Joule,Generally Available,J195,https://discovery-center.cloud.sap/ai-feature/e93aa292-e7f4-449d-9586-f1a8510d5ab6/
Smart Grouping,AI Feature,Base,SAP Analytics Cloud,ML clustering‚ groups similar data points in scatter and bubble charts.,Technology Platform,,,Generally Available,J892,https://discovery-center.cloud.sap/ai-feature/793c4da0-4886-4ee0-9c53-0bc2c465a624/
Smart Insights,AI Feature,Base,SAP Analytics Cloud,Smart Insights analyzes data deviations‚ providing insights as text and visuals.,Technology Platform,,,Generally Available,J886,https://discovery-center.cloud.sap/ai-feature/9ff17406-6da6-4066-bbb7-2edb8d898dbd/
Smart Personalization of My Home,AI Feature,Premium,SAP S/4HANA Cloud Public Edition,Personalize your home page by adding insights cards.,Financial Management,Joule Premium for Financial Management,,Generally Available,J226,https://discovery-center.cloud.sap/ai-feature/5205d1ac-b2a1-413b-8d5c-a01e22311cad/
Smart Personalization of My Home for Applications,AI Feature,Premium,SAP S/4HANA Cloud Public Edition,Personalize your home page by adding apps.,Financial Management,Joule Premium for Financial Management,,Generally Available,J934,https://discovery-center.cloud.sap/ai-feature/2b5df257-bdfd-4396-a48b-a8362b2e02f7/
Smart Predict,AI Feature,Base,SAP Analytics Cloud,Create predictive models‚ deliver accurate predictions for analytics & planning.,Technology Platform,,,Generally Available,J893,https://discovery-center.cloud.sap/ai-feature/3e3dbf93-52e2-4a08-b6f3-58b7396bc445/
Smart Summarization,AI Feature,Base,SAP S/4HANA Cloud Public Edition,Jump start your communications or follow-ups by generated text proposals.,Financial Management,,,Generally Available,J90,https://discovery-center.cloud.sap/ai-feature/a66caf9e-90e0-44c3-9f4a-47aa40f6027b/
Supplier Confirmation Mass Creation,AI Feature,Base,SAP S/4HANA Cloud Public Edition,Enable mass creation of several supplier confirmations in Joule.,Spend Management,,Joule,Generally Available,J1114,https://discovery-center.cloud.sap/ai-feature/b8dfd079-2d74-417a-ad38-8a5251110a4d/
Supplier Delivery Date Mass Update,AI Feature,Base,SAP S/4HANA Cloud Public Edition,Perform mass updates of delivery dates for multiple purchase orders with Joule.,Spend Management,,Joule,Generally Available,J757,https://discovery-center.cloud.sap/ai-feature/d7b65dad-4fa1-4430-a860-6c8eba5ff8e1/
Supplier Delivery Date Prediction,AI Feature,Base,SAP S/4HANA,Predict delivery dates for purchase order items based on historical data.,Cloud ERP applications,,,Generally Available,J848,https://discovery-center.cloud.sap/ai-feature/e0dd79ff-4ed9-4d79-9461-2be67e664a3c/
Supplier Delivery Date Prediction,AI Feature,Base,SAP S/4HANA Cloud Private Edition,Predict delivery dates for purchase order items based on historical data.,Cloud ERP applications,,,Generally Available,J811,https://discovery-center.cloud.sap/ai-feature/c264b09d-42ca-4256-8d8e-0da5af6c838a/
Transformation Advisory‚ Initiative Builder,AI Feature,Base,SAP Signavio solutions,Identify strategy-aligned opportunities and accelerate transformation execution.,Business Transformation Management,,,Generally Available,J967,https://discovery-center.cloud.sap/ai-feature/9ced0e83-412a-4e06-beda-6ef81e4bce95/
Translation Support,AI Feature,Base,SAP LeanIX solutions,Help users translate customized technical terms.,Business Transformation Management,,,Generally Available,J48,https://discovery-center.cloud.sap/ai-feature/6719d6d7-fda7-4ea9-b0dd-43b99fbab6b6/
UI Generation from Data,AI Feature,Base,SAP Build Apps,Automatically generate pages based on integrated data entities.,Technology Platform,,,Generally Available,J193,https://discovery-center.cloud.sap/ai-feature/691b7e82-b4ee-41f2-aae3-43b5b81be6f6/
Workspace,AI Feature,Premium,SAP Document AI,Configure‚ manage‚ and analyze SAP Document AI schemas‚ channels and workflows.,Technology Platform,,,Generally Available,J924,https://discovery-center.cloud.sap/ai-feature/41b32187-96c9-4780-aa15-fc3cdfac1006/
2D Hotspot Creation,AI Feature,,SAP Integrated Product Development,Automatically create hotspots on 2D drawings and tag with business data.,Supply Chain Management,,Joule,Beta,J172,https://discovery-center.cloud.sap/ai-feature/c523c267-0a3d-4430-9cba-e75df8caac1b/
Accounting Accruals Agent,AI Agent,,SAP S/4HANA Cloud Public Edition,Automate journal entry preparation for manual accruals.,Cloud ERP applications,,Joule,Beta,J787,https://discovery-center.cloud.sap/ai-feature/2ba6ab3e-ff22-4cb6-b3b4-20613ae8f6e3/
Accounts Receivable Agent,AI Agent,,Joule‚ SAP S/4HANA Cloud Private Edition,Reduce uncollectable write-offs with an agent.,Financial Management,,Joule,Beta,J467,https://discovery-center.cloud.sap/ai-feature/ecd030e9-59b3-43b4-85cf-260d498912dd/
Cash Positioning Agent,AI Agent,,SAP S/4HANA Cloud Public Edition‚ Joule,Find out deficit and surplus bank accounts and propose the bank transfer.,Financial Management,,Joule,Beta,J585,https://discovery-center.cloud.sap/ai-feature/cd99c7b2-f716-46ab-8fe5-640f9aa02613/
Cash Positioning Agent,AI Agent,,Joule‚ SAP S/4HANA Cloud Private Edition,Automate reconciliations and propose cash optimizations.,Financial Management,,Joule,Beta,J425,https://discovery-center.cloud.sap/ai-feature/61f9300e-11e0-4ca2-acee-ace35c44fae0/
Catalog Optimization Agent,AI Agent,,SAP CX AI Toolkit,Optimize product data to boost merchandising accuracy and agility.,Customer Relationship Management,,Featured,Beta,J741,https://discovery-center.cloud.sap/ai-feature/28593981-f647-4d1b-bb1f-709783df1fa6/
Change Record Management Agent,AI Agent,,Joule‚ SAP S/4HANA Cloud Private Edition,Reduce engineering change costs and accelerate time-to-market.,Product Lifecycle Management,,Joule,Beta,J788,https://discovery-center.cloud.sap/ai-feature/905534ac-4ede-4c01-a815-476a1643ac7c/
Compliance Information Processing,AI Feature,,SAP S/4HANA Cloud Public Edition,Extract compliance disclosures data and map to SAP S/4HANA Cloud regulations.,Financial Management,,,Beta,J345,https://discovery-center.cloud.sap/ai-feature/57f00cc9-d292-4fd6-baec-cb4a6336c70c/
Content Search,AI Feature,,SAP Signavio solutions,Semantic search engine that interprets user terminology for tailored results.,Business Transformation Management,,,Beta,J779,https://discovery-center.cloud.sap/ai-feature/31657cef-3bb1-4d61-b7b6-0d7b36a328be/
Dashboard Analyzer Agent,AI Agent,,SAP Signavio Process Intelligence‚ Joule,Explain insights and drives process improvements in SAP Signavio.,Business Transformation Management,,Joule,Beta,J1132,https://discovery-center.cloud.sap/ai-feature/251eb6f4-4565-4ac7-8e6c-f5eb6df7d210/
Declaration Image Analysis,AI Feature,,SAP Green Token,Automatically extract information from declarations of different formats.,Supply Chain Management,,,Beta,J173,https://discovery-center.cloud.sap/ai-feature/ef9efdef-7300-4580-9c54-5664e1c99f95/
Deep Research Capability,AI Feature,,Joule,Get tailored business insights combining internal SAP and external web data.,Technology Platform,,Joule,Beta,J1173,https://discovery-center.cloud.sap/ai-feature/0cbab727-02fe-47d3-9bf1-ff96d6c2ae62/
Dispute Resolution Agent,AI Agent,,Joule‚ SAP S/4HANA Cloud Private Edition,Automates the process of resolving disputes about incorrect invoices.,Financial Management,,Featured‚Joule,Beta,J855,https://discovery-center.cloud.sap/ai-feature/bbf06e89-a47a-4a80-a619-97fa7ba6af92/
Dispute Resolution Agent,AI Agent,,SAP S/4HANA Cloud Public Edition‚ Joule,Automates the process of resolving disputes about incorrect invoices.,Cloud ERP applications,,Joule,Beta,J1043,https://discovery-center.cloud.sap/ai-feature/d3a94887-d357-4620-98d5-784a035f9e41/
Easy Fill,AI Feature,,SAP S/4HANA Cloud Public Edition,Enables users to populate fields of a business object using natural language.,Financial Management,,,Beta,J281,https://discovery-center.cloud.sap/ai-feature/b054b110-d555-49ef-b233-e16be1a13eed/
Error Resolution,AI Feature,,SAP Advanced Financial Closing,Resolve errors identified during financial close processes.,Financial Management,,,Beta,J87,https://discovery-center.cloud.sap/ai-feature/942e1e4b-32e0-480f-9f11-d31badf54186/
Field Service Dispatcher Agent,AI Agent,,SAP Field Service Management‚ Joule,Autonomously schedule and optimize service orders.,Supply Chain Management,,Joule,Beta,J468,https://discovery-center.cloud.sap/ai-feature/9c354ba9-b021-470a-b75d-b6e7bf4405de/
International Trade Classification Agent,AI Agent,,SAP S/4HANA Cloud Public Edition,Save time and ensure compliance by automatically classify goods for shipping.,Financial Management,,,Beta,J648,https://discovery-center.cloud.sap/ai-feature/cb3aa823-c475-4f81-9730-d35d85bd55c7/
Joule with SAP Business Accelerator Hub,AI Feature,,SAP Business Accelerator Hub,Find relevant prebuilt content using Joule with natural language search.,Technology Platform,,Joule,Beta,J291,https://discovery-center.cloud.sap/ai-feature/5b1c80e7-ae6a-45eb-89cf-cf7114bb00d4/
Joule with SAP Order Management Services,AI Feature,,SAP Order Management Services,Streamline key operational tasks using natural language.,Customer Relationship Management,,Joule,Beta,J1088,https://discovery-center.cloud.sap/ai-feature/b9498c45-6944-48e3-bb0e-902c71bef176/
Maintenance Event Planning Agent,AI Agent,,Joule‚ SAP S/4HANA Cloud Private Edition,Avoid disruptions with real-time insights‚ smart updates‚ and planning support.,Cloud ERP applications,,Joule,Beta,J424,https://discovery-center.cloud.sap/ai-feature/8b3daa3f-7a07-4a62-8d23-20e13d00aea4/
Order Reliability Agent,AI Agent,,Joule,Detect and resolve order exceptions for customer service teams.,Customer Relationship Management,,,Beta,J955,https://discovery-center.cloud.sap/ai-feature/51d0ed9c-7588-45e5-891d-44ef3ac456f5/
Payment Exception Analysis,AI Feature,,SAP S/4HANA Cloud Public Edition,Analyze payment exceptions and discover recommended resolutions.,Financial Management,,,Beta,J375,https://discovery-center.cloud.sap/ai-feature/016c719c-5363-47ff-945f-cdddd5241871/
Permit Management,AI Feature,,SAP S/4HANA Cloud Public Edition,Automatically extract and setup permit data from document.,Cloud ERP applications,,Featured,Beta,J344,https://discovery-center.cloud.sap/ai-feature/89944fea-d96d-453c-9684-fe2b2c9cbb51/
Process Analyzer‚ Automated Mapping,AI Feature,,SAP Signavio Process Intelligence,Map various inputs based on their context.,Technology Platform,,,Beta,J1122,https://discovery-center.cloud.sap/ai-feature/6c6eb8d1-764c-4727-b8d5-4911607f89b8/
Process Content Recommender Agent,AI Agent,,Joule,Intelligently recommends relevant process content in SAP Signavio.,Business Transformation Management,,Joule,Beta,J940,https://discovery-center.cloud.sap/ai-feature/aa94ac46-bbb3-405e-a7f9-1e14e9bc16db/
Production Planning and Operations Agent,AI Agent,,SAP S/4HANA Cloud Public Edition‚ Joule,Accelerate order-to-delivery by releasing orders in half the time.,Cloud ERP applications,,Joule,Beta,J383,https://discovery-center.cloud.sap/ai-feature/2bac78a3-811f-456f-b950-a4fb3e7d2ac5/
Project Billing Price Verification Agent,AI Agent,,SAP S/4HANA Cloud Public Edition,Help billing specialists identify and resolve price discrepancies efficiently.,Cloud ERP applications,,,Beta,J1325,https://discovery-center.cloud.sap/ai-feature/540eb523-953a-43eb-8f93-525ee99d57fd/
Project Setup Agent,AI Agent,,SAP S/4HANA Cloud Public Edition‚ Joule,Help project managers quickly set up projects using past project data.,Cloud ERP applications,,Joule,Beta,J872,https://discovery-center.cloud.sap/ai-feature/49c08b5c-583b-4108-ba23-401c3da051cf/
Role-based Process Overview,AI Feature,,SAP Signavio Process Collaboration Hub,Get a personalized view of key processes‚ tools‚ and content for your role.,Business Transformation Management,,,Beta,J331,https://discovery-center.cloud.sap/ai-feature/e4b92ea3-f81d-4f95-9afd-368b563700ad/
Safety Instruction Generation,AI Feature,,SAP S/4HANA Cloud Public Edition,Generate safety instructions grounded on risk assessments.,Cloud ERP applications,,,Beta,J756,https://discovery-center.cloud.sap/ai-feature/76d64fc7-204e-4a1f-979c-2a75a7a4ce29/
Safety Observation Reporting,AI Feature,,SAP S/4HANA Cloud Public Edition,Enable users to report safety observations with natural language.,Cloud ERP applications,,Joule,Beta,J596,https://discovery-center.cloud.sap/ai-feature/c3691d08-1455-4c6a-8cea-e524489e5b69/
Screen Guide Agent,AI Agent,,SAP Signavio Process Collaboration Hub‚ Joule,Accelerate understanding and adoption of SAP Signavio,Business Transformation Management,,Joule,Beta,J1130,https://discovery-center.cloud.sap/ai-feature/1be89884-5087-4293-9b9e-da35987fe9bc/
Smart Solution for Situations in My Home,AI Feature,,SAP S/4HANA Cloud Public Edition,Provide resolution suggestions directly on the homepage.,Financial Management,,,Beta,J181,https://discovery-center.cloud.sap/ai-feature/5a6f7a49-1bbf-4e9b-b2e0-57aad5f2de6d/
Sourcing Agent,AI Agent,,SAP Ariba Sourcing‚ Joule,Run smarter sourcing events faster and with less effort.,Spend Management,,Featured‚Joule,Beta,J415,https://discovery-center.cloud.sap/ai-feature/944d71fe-90ad-4ef9-894c-878a4a326893/
Task Automation,AI Feature,,SAP S/4HANA Cloud Public Edition,Enables users to create and run automated processes from natural language input.,Cloud ERP applications,,,Beta,J1164,https://discovery-center.cloud.sap/ai-feature/0d089203-038a-4f68-a7e0-79078e26eae4/
Value Case Creation Agent,AI Agent,,SAP Signavio Process Intelligence‚ Joule,Turn process insights into actionable value cases in SAP Signavio.,Business Transformation Management,,Joule,Beta,J1131,https://discovery-center.cloud.sap/ai-feature/e5f8f643-4dc9-46d4-96e6-15d73187869a/
Workspace Administration Agent,AI Agent,,SAP Signavio Process Collaboration Hub‚ Joule,Onboard new process experts quickly in SAP Signavio.,Business Transformation Management,,Joule,Beta,J1129,https://discovery-center.cloud.sap/ai-feature/d8e34c50-6983-4129-aa44-3356bf2fb4bf/
